Growrate,Fox Extinction Probability,Average Final Foxes,Fox Std Dev
20,1.0,0.0,0.0
40,0.99,0.01,0.09949874371066199
60,0.06,19.89,10.572506798295285
80,0.09,31.72,16.919267123607924
100,0.16,31.14,22.76577255442916
120,0.42,24.36,27.63748179556162
140,0.43,31.97,38.418082981845934
160,0.5,32.51,41.31331383464657
180,0.63,29.46,44.82040160462644
200,0.68,25.04,45.20684019039596
